id,order_id,order_date,shipment,customer_id,name,segment,city,state,post_code,region,category,sub_category,sales,qty,profit
1001,CA-2016-155488,13-11-2016,Standard Class,FM-14290,Frank Merwin,Home Office,Vancouver,Washington,98661,West,Office Supplies,Art,44.02,2,11.4452
1002,CA-2015-124891,31-07-2015,Same Day,RH-19495,Rick Hansen,Consumer,New York City,New York,10024,East,Technology,Accessories,2309.65,7,762.1845
1003,CA-2015-124891,31-07-2015,Same Day,RH-19495,Rick Hansen,Consumer,New York City,New York,10024,East,Furniture,Tables,1090.782,7,-290.8752
1004,CA-2015-124891,31-07-2015,Same Day,RH-19495,Rick Hansen,Consumer,New York City,New York,10024,East,Office Supplies,Paper,19.44,3,9.3312
1005,CA-2015-126445,27-08-2015,Standard Class,RA-19945,Ryan Akin,Consumer,Murrieta,California,92563,West,Office Supplies,Storage,484.65,3,92.0835
1006,CA-2015-111199,13-11-2015,Standard Class,JK-15730,Joe Kamberova,Consumer,Jacksonville,North Carolina,28540,South,Office Supplies,Paper,115.296,3,40.3536
1007,CA-2015-105312,06-11-2015,First Class,MT-17815,Meg Tillman,Consumer,Scottsdale,Arizona,85254,West,Office Supplies,Envelopes,7.08,3,2.478
1008,CA-2015-105312,06-11-2015,First Class,MT-17815,Meg Tillman,Consumer,Scottsdale,Arizona,85254,West,Office Supplies,Binders,4.401,3,-3.5208
1009,US-2017-106705,26-12-2017,Standard Class,PO-18850,Patrick O'Brill,Consumer,Burlington,Iowa,52601,Central,Office Supplies,Paper,44.75,5,20.585
1010,CA-2017-135034,01-08-2017,First Class,AT-10735,Annie Thurman,Consumer,Chicago,Illinois,60653,Central,Technology,Phones,95.984,2,5.999
1011,CA-2014-158540,24-11-2014,First Class,VG-21790,Vivek Gonzalez,Consumer,San Diego,California,92037,West,Furniture,Furnishings,151.72,4,27.3096
1012,CA-2017-118437,17-06-2017,Second Class,PF-19165,Philip Fox,Consumer,Olympia,Washington,98502,West,Furniture,Furnishings,155.25,3,46.575
1013,CA-2017-118437,17-06-2017,Second Class,PF-19165,Philip Fox,Consumer,Olympia,Washington,98502,West,Office Supplies,Storage,14.03,1,4.0687
1014,US-2015-126214,21-12-2015,Second Class,JS-15880,John Stevenson,Consumer,Seattle,Washington,98103,West,Furniture,Tables,1618.37,13,356.0414
1015,US-2015-126214,21-12-2015,Second Class,JS-15880,John Stevenson,Consumer,Seattle,Washington,98103,West,Technology,Accessories,99.6,1,36.852
1016,CA-2015-133025,17-09-2015,Second Class,MO-17800,Meg O'Connel,Home Office,Los Angeles,California,90036,West,Office Supplies,Paper,32.4,5,15.552
1017,CA-2015-108665,06-07-2015,Standard Class,KM-16225,Kalyca Meade,Corporate,New York City,New York,10011,East,Furniture,Furnishings,13.96,2,6.7008
1018,CA-2015-108665,06-07-2015,Standard Class,KM-16225,Kalyca Meade,Corporate,New York City,New York,10011,East,Furniture,Furnishings,155.82,3,63.8862
1019,CA-2015-108665,06-07-2015,Standard Class,KM-16225,Kalyca Meade,Corporate,New York City,New York,10011,East,Technology,Phones,124.95,5,2.499
1020,CA-2015-108665,06-07-2015,Standard Class,KM-16225,Kalyca Meade,Corporate,New York City,New York,10011,East,Office Supplies,Storage,601.65,5,156.429
1021,CA-2015-124450,27-04-2015,Standard Class,GT-14710,Greg Tran,Consumer,Washington,District of Columbia,20016,East,Office Supplies,Art,22.74,3,8.8686
1022,CA-2015-124450,27-04-2015,Standard Class,GT-14710,Greg Tran,Consumer,Washington,District of Columbia,20016,East,Furniture,Chairs,1267.53,3,316.8825
1023,CA-2015-124450,27-04-2015,Standard Class,GT-14710,Greg Tran,Consumer,Washington,District of Columbia,20016,East,Technology,Machines,1379.92,8,648.5624
1024,CA-2015-167269,16-06-2015,Standard Class,PB-19150,Philip Brown,Consumer,Philadelphia,Pennsylvania,19134,East,Office Supplies,Envelopes,6.208,2,2.1728
1025,CA-2017-106964,17-12-2017,First Class,HR-14770,Hallie Redmond,Home Office,Los Angeles,California,90045,West,Office Supplies,Binders,11.808,2,4.2804
1026,CA-2016-126529,11-01-2016,Second Class,DE-13255,Deanra Eno,Home Office,Springfield,Ohio,45503,East,Office Supplies,Paper,15.552,3,5.4432
1027,CA-2016-126529,11-01-2016,Second Class,DE-13255,Deanra Eno,Home Office,Springfield,Ohio,45503,East,Office Supplies,Paper,63.312,3,20.5764
1028,CA-2016-126529,11-01-2016,Second Class,DE-13255,Deanra Eno,Home Office,Springfield,Ohio,45503,East,Technology,Phones,15.588,2,-9.8724
1029,CA-2014-163552,11-07-2014,Standard Class,LA-16780,Laura Armstrong,Corporate,Hackensack,New Jersey,7601,East,Office Supplies,Paper,177.2,5,83.284
1030,CA-2014-163552,11-07-2014,Standard Class,LA-16780,Laura Armstrong,Corporate,Hackensack,New Jersey,7601,East,Technology,Phones,197.97,3,57.4113
1031,CA-2014-163552,11-07-2014,Standard Class,LA-16780,Laura Armstrong,Corporate,Hackensack,New Jersey,7601,East,Furniture,Chairs,854.94,3,213.735
1032,CA-2014-163552,11-07-2014,Standard Class,LA-16780,Laura Armstrong,Corporate,Hackensack,New Jersey,7601,East,Furniture,Furnishings,124.11,9,52.1262
1033,CA-2014-163552,11-07-2014,Standard Class,LA-16780,Laura Armstrong,Corporate,Hackensack,New Jersey,7601,East,Office Supplies,Labels,14.4,5,7.056
1034,CA-2016-109820,20-11-2016,First Class,AG-10390,Allen Goldenen,Consumer,Cincinnati,Ohio,45231,East,Office Supplies,Paper,15.696,3,5.1012
1035,CA-2016-109820,20-11-2016,First Class,AG-10390,Allen Goldenen,Consumer,Cincinnati,Ohio,45231,East,Office Supplies,Binders,2.628,2,-1.9272
1036,CA-2016-109820,20-11-2016,First Class,AG-10390,Allen Goldenen,Consumer,Cincinnati,Ohio,45231,East,Office Supplies,Binders,14.427,3,-10.5798
1037,CA-2016-113061,22-04-2016,Standard Class,EL-13735,Ed Ludwig,Home Office,Jefferson City,Missouri,65109,Central,Furniture,Furnishings,86.62,2,8.662
1038,CA-2015-127418,13-06-2015,First Class,JJ-15445,Jennifer Jackson,Consumer,Los Angeles,California,90004,West,Office Supplies,Binders,36.624,3,13.734
1039,CA-2017-121818,20-11-2017,First Class,JH-15430,Jennifer Halladay,Consumer,Burlington,North Carolina,27217,South,Office Supplies,Art,23.968,7,2.6964
1040,CA-2017-121818,20-11-2017,First Class,JH-15430,Jennifer Halladay,Consumer,Burlington,North Carolina,27217,South,Office Supplies,Art,28.728,3,1.7955
1041,CA-2016-127670,20-03-2016,Standard Class,RD-19660,Robert Dilbeck,Home Office,Saint Peters,Missouri,63376,Central,Furniture,Tables,697.16,4,146.4036
1042,CA-2016-102981,06-09-2016,Second Class,MO-17500,Mary O'Rourke,Consumer,New York City,New York,10035,East,Technology,Accessories,31.86,2,11.151
1043,CA-2016-102981,06-09-2016,Second Class,MO-17500,Mary O'Rourke,Consumer,New York City,New York,10035,East,Furniture,Bookcases,722.352,3,90.294
1044,CA-2017-115651,09-07-2017,First Class,NS-18640,Noel Staavos,Corporate,Chicago,Illinois,60610,Central,Office Supplies,Art,8.84,5,2.9835
1045,CA-2017-115651,09-07-2017,First Class,NS-18640,Noel Staavos,Corporate,Chicago,Illinois,60610,Central,Office Supplies,Appliances,58.464,9,-146.16
1046,CA-2017-152702,12-10-2017,Standard Class,SN-20710,Steve Nguyen,Home Office,Rockford,Illinois,61107,Central,Furniture,Chairs,254.604,14,-18.186
1047,CA-2016-169103,08-03-2016,Standard Class,ZC-21910,Zuschuss Carroll,Consumer,Miami,Florida,33142,South,Technology,Phones,1363.96,5,85.2475
1048,CA-2016-169103,08-03-2016,Standard Class,ZC-21910,Zuschuss Carroll,Consumer,Miami,Florida,33142,South,Furniture,Furnishings,102.36,3,-3.8385
1049,CA-2014-139192,27-05-2014,Second Class,LC-16885,Lena Creighton,Consumer,San Francisco,California,94109,West,Technology,Phones,1113.504,12,125.2692
1050,CA-2014-139192,27-05-2014,Second Class,LC-16885,Lena Creighton,Consumer,San Francisco,California,94109,West,Technology,Accessories,99.99,1,37.9962
1051,US-2015-153500,03-07-2015,First Class,DG-13300,Deirdre Greer,Corporate,Philadelphia,Pennsylvania,19134,East,Furniture,Furnishings,168.464,2,-29.4812
1052,US-2015-153500,03-07-2015,First Class,DG-13300,Deirdre Greer,Corporate,Philadelphia,Pennsylvania,19134,East,Office Supplies,Paper,6.72,2,2.436
1053,US-2015-153500,03-07-2015,First Class,DG-13300,Deirdre Greer,Corporate,Philadelphia,Pennsylvania,19134,East,Furniture,Furnishings,282.888,9,56.5776
1054,CA-2015-110667,04-04-2015,Standard Class,NF-18595,Nicole Fjeld,Home Office,New York City,New York,10009,East,Office Supplies,Art,11.16,2,4.3524
1055,CA-2015-110667,04-04-2015,Standard Class,NF-18595,Nicole Fjeld,Home Office,New York City,New York,10009,East,Furniture,Furnishings,108.4,2,22.764
1056,CA-2015-110667,04-04-2015,Standard Class,NF-18595,Nicole Fjeld,Home Office,New York City,New York,10009,East,Office Supplies,Binders,82.344,3,27.7911
1057,CA-2015-110667,04-04-2015,Standard Class,NF-18595,Nicole Fjeld,Home Office,New York City,New York,10009,East,Office Supplies,Binders,9.088,4,3.2944
1058,CA-2017-167150,10-12-2017,Standard Class,BP-11185,Ben Peterman,Corporate,San Diego,California,92037,West,Office Supplies,Binders,19.936,4,7.2268
1059,CA-2017-167150,10-12-2017,Standard Class,BP-11185,Ben Peterman,Corporate,San Diego,California,92037,West,Office Supplies,Binders,65.568,2,22.9488
1060,CA-2016-105284,24-11-2016,Standard Class,MG-17650,Matthew Grinstein,Home Office,Philadelphia,Pennsylvania,19143,East,Office Supplies,Fasteners,4.416,3,1.6008
1061,US-2015-125374,23-03-2015,Standard Class,JD-16060,Julia Dunbar,Consumer,Houston,Texas,77095,Central,Furniture,Chairs,107.772,2,-29.2524
1062,CA-2015-161263,16-04-2015,Standard Class,TS-21160,Theresa Swint,Corporate,Toledo,Ohio,43615,East,Office Supplies,Appliances,45.216,3,4.5216
1063,CA-2015-161263,16-04-2015,Standard Class,TS-21160,Theresa Swint,Corporate,Toledo,Ohio,43615,East,Office Supplies,Fasteners,10.416,7,-2.2134
1064,CA-2015-161263,16-04-2015,Standard Class,TS-21160,Theresa Swint,Corporate,Toledo,Ohio,43615,East,Office Supplies,Art,7.872,3,1.2792
1065,CA-2015-161263,16-04-2015,Standard Class,TS-21160,Theresa Swint,Corporate,Toledo,Ohio,43615,East,Technology,Phones,118.782,3,-27.7158
1066,CA-2015-161263,16-04-2015,Standard Class,TS-21160,Theresa Swint,Corporate,Toledo,Ohio,43615,East,Office Supplies,Fasteners,1.448,1,0.2353
1067,CA-2015-161263,16-04-2015,Standard Class,TS-21160,Theresa Swint,Corporate,Toledo,Ohio,43615,East,Office Supplies,Binders,55.47,5,-46.225
1068,CA-2016-157686,01-10-2016,First Class,BD-11620,Brian DeCherney,Consumer,San Francisco,California,94122,West,Furniture,Chairs,194.848,4,12.178
1069,US-2017-139955,28-09-2017,Second Class,CM-12160,Charles McCrossin,Consumer,Brownsville,Texas,78521,Central,Office Supplies,Supplies,1.744,1,-0.3488
1070,US-2015-150161,25-07-2015,Standard Class,RB-19795,Ross Baird,Home Office,Philadelphia,Pennsylvania,19143,East,Office Supplies,Binders,25.176,4,-18.4624
1071,CA-2015-144652,20-11-2015,Standard Class,SN-20560,Skye Norling,Home Office,Los Angeles,California,90008,West,Office Supplies,Art,19.46,7,5.0596
1072,CA-2016-152814,28-04-2016,Standard Class,EH-14005,Erica Hernandez,Home Office,Denver,Colorado,80219,West,Office Supplies,Paper,29.472,3,9.9468
1073,CA-2017-106943,14-11-2017,Standard Class,FO-14305,Frank Olsen,Consumer,New York City,New York,10035,East,Office Supplies,Binders,8.64,2,3.024
1074,CA-2016-134348,12-11-2016,Standard Class,MS-17710,Maurice Satty,Consumer,Mesa,Arizona,85204,West,Office Supplies,Binders,6.27,5,-4.598
1075,CA-2016-134348,12-11-2016,Standard Class,MS-17710,Maurice Satty,Consumer,Mesa,Arizona,85204,West,Office Supplies,Binders,4.368,7,-3.3488
1076,CA-2016-134348,12-11-2016,Standard Class,MS-17710,Maurice Satty,Consumer,Mesa,Arizona,85204,West,Technology,Accessories,31.984,2,1.999
1077,CA-2016-161781,29-09-2016,First Class,CC-12100,Chad Cunningham,Home Office,Columbus,Indiana,47201,Central,Office Supplies,Art,40.88,7,10.6288
1078,CA-2017-132521,23-09-2017,Second Class,DW-13540,Don Weiss,Consumer,Seattle,Washington,98105,West,Office Supplies,Appliances,119.96,2,33.5888
1079,CA-2017-132521,23-09-2017,Second Class,DW-13540,Don Weiss,Consumer,Seattle,Washington,98105,West,Office Supplies,Storage,31.44,3,8.4888
1080,CA-2017-132521,23-09-2017,Second Class,DW-13540,Don Weiss,Consumer,Seattle,Washington,98105,West,Office Supplies,Binders,6.88,1,2.322
1081,CA-2015-110016,29-11-2015,Standard Class,BT-11395,Bill Tyler,Corporate,Detroit,Michigan,48227,Central,Office Supplies,Paper,19.92,4,9.3624
1082,CA-2015-110016,29-11-2015,Standard Class,BT-11395,Bill Tyler,Corporate,Detroit,Michigan,48227,Central,Furniture,Chairs,1106.91,9,121.7601
1083,US-2016-143819,01-03-2016,Standard Class,KD-16270,Karen Daniels,Consumer,Yonkers,New York,10701,East,Furniture,Tables,836.592,8,-264.9208
1084,US-2016-143819,01-03-2016,Standard Class,KD-16270,Karen Daniels,Consumer,Yonkers,New York,10701,East,Office Supplies,Paper,26.38,1,12.1348
1085,US-2016-143819,01-03-2016,Standard Class,KD-16270,Karen Daniels,Consumer,Yonkers,New York,10701,East,Office Supplies,Storage,362.92,2,105.2468
1086,US-2016-143819,01-03-2016,Standard Class,KD-16270,Karen Daniels,Consumer,Yonkers,New York,10701,East,Technology,Machines,4899.93,7,2400.9657
1087,CA-2016-167584,12-08-2016,Same Day,LC-16870,Lena Cacioppo,Consumer,Des Moines,Iowa,50315,Central,Office Supplies,Paper,6.48,1,3.1104
1088,CA-2016-166163,15-08-2016,Second Class,CY-12745,Craig Yedwab,Corporate,Oakland,California,94601,West,Technology,Phones,71.976,3,7.1976
1089,CA-2016-166163,15-08-2016,Second Class,CY-12745,Craig Yedwab,Corporate,Oakland,California,94601,West,Office Supplies,Labels,3.15,1,1.512
1090,CA-2017-158407,04-06-2017,Standard Class,LW-16990,Lindsay Williams,Corporate,Monroe,North Carolina,28110,South,Furniture,Furnishings,31.984,2,1.999
1091,CA-2017-158407,04-06-2017,Standard Class,LW-16990,Lindsay Williams,Corporate,Monroe,North Carolina,28110,South,Technology,Phones,71.984,2,25.1944
1092,CA-2015-143490,06-12-2015,Standard Class,NP-18325,Naresj Patel,Consumer,San Diego,California,92105,West,Office Supplies,Art,120.15,9,33.642
1093,CA-2015-143490,06-12-2015,Standard Class,NP-18325,Naresj Patel,Consumer,San Diego,California,92105,West,Technology,Phones,219.184,2,19.1786
1094,CA-2015-165085,27-12-2015,Standard Class,BT-11485,Brad Thomas,Home Office,Clinton,Maryland,20735,East,Office Supplies,Paper,28.9,5,14.161
1095,CA-2015-165085,27-12-2015,Standard Class,BT-11485,Brad Thomas,Home Office,Clinton,Maryland,20735,East,Office Supplies,Appliances,355.96,2,103.2284
1096,CA-2017-160423,21-01-2017,Standard Class,PS-19045,Penelope Sewall,Home Office,Charlotte,North Carolina,28205,South,Office Supplies,Storage,348.208,7,30.4682
1097,CA-2017-160423,21-01-2017,Standard Class,PS-19045,Penelope Sewall,Home Office,Charlotte,North Carolina,28205,South,Office Supplies,Binders,35.784,7,-28.6272
1098,CA-2014-159338,25-06-2014,First Class,NS-18640,Noel Staavos,Corporate,Los Angeles,California,90049,West,Furniture,Tables,447.84,5,11.196
1099,CA-2016-107216,14-06-2016,First Class,PV-18985,Paul Van Hugh,Home Office,San Francisco,California,94122,West,Office Supplies,Art,7.04,4,2.0416
1100,CA-2016-107216,14-06-2016,First Class,PV-18985,Paul Van Hugh,Home Office,San Francisco,California,94122,West,Furniture,Furnishings,8.73,3,4.1031
1101,CA-2016-107216,14-06-2016,First Class,PV-18985,Paul Van Hugh,Home Office,San Francisco,California,94122,West,Technology,Accessories,29.29,1,9.6657
1102,CA-2016-107216,14-06-2016,First Class,PV-18985,Paul Van Hugh,Home Office,San Francisco,California,94122,West,Office Supplies,Art,8.64,3,2.5056
1103,US-2017-145863,21-04-2017,Standard Class,RP-19390,Resi PÃ¶lking,Consumer,Houston,Texas,77041,Central,Office Supplies,Binders,2.694,3,-4.7145
1104,US-2017-145863,21-04-2017,Standard Class,RP-19390,Resi PÃ¶lking,Consumer,Houston,Texas,77041,Central,Office Supplies,Binders,2.934,3,-4.9878
1105,CA-2016-112340,21-10-2016,Standard Class,NM-18520,Neoma Murray,Consumer,Riverside,California,92503,West,Office Supplies,Paper,22.92,3,11.2308
1106,US-2016-110156,19-11-2016,Standard Class,EH-13945,Eric Hoffmann,Consumer,Houston,Texas,77041,Central,Office Supplies,Storage,100.704,6,-16.3644
1107,US-2016-110156,19-11-2016,Standard Class,EH-13945,Eric Hoffmann,Consumer,Houston,Texas,77041,Central,Furniture,Furnishings,2.328,2,-0.7566
1108,US-2016-110156,19-11-2016,Standard Class,EH-13945,Eric Hoffmann,Consumer,Houston,Texas,77041,Central,Office Supplies,Binders,10.78,5,-17.248
1109,US-2016-110156,19-11-2016,Standard Class,EH-13945,Eric Hoffmann,Consumer,Houston,Texas,77041,Central,Office Supplies,Fasteners,58.368,12,21.888
1110,US-2016-110156,19-11-2016,Standard Class,EH-13945,Eric Hoffmann,Consumer,Houston,Texas,77041,Central,Office Supplies,Envelopes,40.968,3,13.8267
1111,US-2016-110156,19-11-2016,Standard Class,EH-13945,Eric Hoffmann,Consumer,Houston,Texas,77041,Central,Technology,Phones,71.96,5,25.186
1112,US-2016-110156,19-11-2016,Standard Class,EH-13945,Eric Hoffmann,Consumer,Houston,Texas,77041,Central,Office Supplies,Paper,10.368,2,3.6288
1113,US-2016-110156,19-11-2016,Standard Class,EH-13945,Eric Hoffmann,Consumer,Houston,Texas,77041,Central,Office Supplies,Binders,1.192,2,-2.0264
1114,CA-2017-140585,18-12-2017,Second Class,RA-19915,Russell Applegate,Consumer,Encinitas,California,92024,West,Office Supplies,Binders,46.672,2,16.3352
1115,CA-2017-140585,18-12-2017,Second Class,RA-19915,Russell Applegate,Consumer,Encinitas,California,92024,West,Furniture,Bookcases,119.833,1,-12.6882
1116,CA-2017-140585,18-12-2017,Second Class,RA-19915,Russell Applegate,Consumer,Encinitas,California,92024,West,Technology,Accessories,119.98,2,57.5904
1117,CA-2016-144855,22-07-2016,Second Class,DL-13495,Dionis Lloyd,Corporate,San Francisco,California,94110,West,Office Supplies,Labels,6.3,2,3.024
1118,CA-2015-142755,04-09-2015,Standard Class,CS-12355,Christine Sundaresam,Consumer,Roswell,Georgia,30076,South,Office Supplies,Paper,279.9,5,137.151
1119,CA-2015-142755,04-09-2015,Standard Class,CS-12355,Christine Sundaresam,Consumer,Roswell,Georgia,30076,South,Technology,Accessories,619.95,5,111.591
1120,CA-2015-142755,04-09-2015,Standard Class,CS-12355,Christine Sundaresam,Consumer,Roswell,Georgia,30076,South,Office Supplies,Paper,4.36,2,2.0492
1121,CA-2015-142755,04-09-2015,Standard Class,CS-12355,Christine Sundaresam,Consumer,Roswell,Georgia,30076,South,Office Supplies,Envelopes,15.28,2,7.4872
1122,US-2014-147627,20-01-2014,Standard Class,HL-15040,Hunter Lopez,Consumer,Jonesboro,Arkansas,72401,South,Technology,Phones,699.93,7,181.9818
1123,US-2014-147627,20-01-2014,Standard Class,HL-15040,Hunter Lopez,Consumer,Jonesboro,Arkansas,72401,South,Office Supplies,Art,22.96,7,6.6584
1124,US-2014-147627,20-01-2014,Standard Class,HL-15040,Hunter Lopez,Consumer,Jonesboro,Arkansas,72401,South,Furniture,Furnishings,38.6,4,11.58
1125,US-2014-147627,20-01-2014,Standard Class,HL-15040,Hunter Lopez,Consumer,Jonesboro,Arkansas,72401,South,Office Supplies,Art,6.63,3,1.7901
1126,US-2014-147627,20-01-2014,Standard Class,HL-15040,Hunter Lopez,Consumer,Jonesboro,Arkansas,72401,South,Office Supplies,Envelopes,23.34,3,10.9698
1127,US-2014-147627,20-01-2014,Standard Class,HL-15040,Hunter Lopez,Consumer,Jonesboro,Arkansas,72401,South,Furniture,Chairs,1067.94,3,224.2674
1128,CA-2015-105970,02-03-2015,Standard Class,PA-19060,Pete Armstrong,Home Office,Richmond,Indiana,47374,Central,Office Supplies,Art,10.16,1,2.6416
1129,CA-2015-105970,02-03-2015,Standard Class,PA-19060,Pete Armstrong,Home Office,Richmond,Indiana,47374,Central,Office Supplies,Envelopes,101.88,6,50.94
1130,CA-2016-112102,12-04-2016,Standard Class,BD-11605,Brian Dahlen,Consumer,Springfield,Virginia,22153,South,Furniture,Tables,343.92,4,75.6624
1131,CA-2016-112102,12-04-2016,Standard Class,BD-11605,Brian Dahlen,Consumer,Springfield,Virginia,22153,South,Office Supplies,Paper,40.99,1,20.0851
1132,CA-2016-112102,12-04-2016,Standard Class,BD-11605,Brian Dahlen,Consumer,Springfield,Virginia,22153,South,Office Supplies,Envelopes,63.9,5,28.755
1133,US-2016-114776,06-12-2016,First Class,GG-14650,Greg Guthrie,Corporate,Antioch,California,94509,West,Office Supplies,Paper,19.44,3,9.3312
1134,US-2016-134908,05-06-2016,Standard Class,JS-15940,Joni Sundaresam,Home Office,Philadelphia,Pennsylvania,19134,East,Office Supplies,Storage,124.608,4,-23.364
1135,US-2016-134908,05-06-2016,Standard Class,JS-15940,Joni Sundaresam,Home Office,Philadelphia,Pennsylvania,19134,East,Office Supplies,Labels,7.56,3,2.646
1136,US-2016-148803,11-12-2016,Same Day,LR-16915,Lena Radford,Consumer,Homestead,Florida,33030,South,Office Supplies,Storage,85.224,3,7.4571
1137,CA-2016-152170,12-11-2016,Second Class,FH-14275,Frank Hawley,Corporate,La Porte,Indiana,46350,Central,Office Supplies,Envelopes,287.52,8,129.384
1138,CA-2016-152170,12-11-2016,Second Class,FH-14275,Frank Hawley,Corporate,La Porte,Indiana,46350,Central,Office Supplies,Appliances,37.68,2,10.5504
1139,CA-2016-152170,12-11-2016,Second Class,FH-14275,Frank Hawley,Corporate,La Porte,Indiana,46350,Central,Office Supplies,Paper,19.98,2,8.991
1140,CA-2016-152170,12-11-2016,Second Class,FH-14275,Frank Hawley,Corporate,La Porte,Indiana,46350,Central,Office Supplies,Art,20.58,7,5.5566
1141,CA-2016-152170,12-11-2016,Second Class,FH-14275,Frank Hawley,Corporate,La Porte,Indiana,46350,Central,Office Supplies,Binders,17.38,2,8.69
1142,CA-2014-146969,29-09-2014,Standard Class,AP-10915,Arthur Prichep,Consumer,Los Angeles,California,90045,West,Furniture,Furnishings,204.6,2,53.196
1143,CA-2014-146969,29-09-2014,Standard Class,AP-10915,Arthur Prichep,Consumer,Los Angeles,California,90045,West,Office Supplies,Fasteners,8.72,4,2.8776
1144,CA-2014-146969,29-09-2014,Standard Class,AP-10915,Arthur Prichep,Consumer,Los Angeles,California,90045,West,Office Supplies,Paper,6.48,1,3.1104
1145,CA-2014-146969,29-09-2014,Standard Class,AP-10915,Arthur Prichep,Consumer,Los Angeles,California,90045,West,Technology,Machines,686.32,2,223.054
1146,CA-2014-146969,29-09-2014,Standard Class,AP-10915,Arthur Prichep,Consumer,Los Angeles,California,90045,West,Office Supplies,Storage,62.18,1,16.7886
1147,CA-2015-112452,04-04-2015,Same Day,NC-18340,Nat Carroll,Consumer,Lansing,Michigan,48911,Central,Office Supplies,Appliances,644.076,2,107.346
1148,CA-2015-112452,04-04-2015,Same Day,NC-18340,Nat Carroll,Consumer,Lansing,Michigan,48911,Central,Office Supplies,Fasteners,5.84,2,2.628
1149,CA-2015-112452,04-04-2015,Same Day,NC-18340,Nat Carroll,Consumer,Lansing,Michigan,48911,Central,Office Supplies,Binders,12.76,2,5.8696
1150,CA-2015-112452,04-04-2015,Same Day,NC-18340,Nat Carroll,Consumer,Lansing,Michigan,48911,Central,Technology,Phones,10.95,1,0.438
1151,CA-2015-112452,04-04-2015,Same Day,NC-18340,Nat Carroll,Consumer,Lansing,Michigan,48911,Central,Technology,Copiers,599.98,2,209.993
1152,CA-2015-113971,08-05-2015,Standard Class,CB-12535,Claudia Bergmann,Corporate,Cuyahoga Falls,Ohio,44221,East,Furniture,Furnishings,8.352,6,1.2528
1153,CA-2017-160395,31-12-2016,Standard Class,KL-16555,Kelly Lampkin,Corporate,Reno,Nevada,89502,West,Office Supplies,Art,3.64,2,1.638
1154,CA-2017-160395,31-12-2016,Standard Class,KL-16555,Kelly Lampkin,Corporate,Reno,Nevada,89502,West,Office Supplies,Binders,159.768,7,53.9217
1155,CA-2014-136567,20-12-2014,First Class,PS-19045,Penelope Sewall,Home Office,Harrisonburg,Virginia,22801,South,Office Supplies,Storage,122.48,2,0
1156,CA-2014-136567,20-12-2014,First Class,PS-19045,Penelope Sewall,Home Office,Harrisonburg,Virginia,22801,South,Furniture,Tables,2244.48,7,493.7856
1157,CA-2014-136567,20-12-2014,First Class,PS-19045,Penelope Sewall,Home Office,Harrisonburg,Virginia,22801,South,Office Supplies,Binders,62.31,3,29.2857
1158,CA-2014-136567,20-12-2014,First Class,PS-19045,Penelope Sewall,Home Office,Harrisonburg,Virginia,22801,South,Furniture,Tables,455.1,2,100.122
1159,CA-2016-149314,02-07-2016,Second Class,GB-14530,George Bell,Corporate,Los Angeles,California,90004,West,Furniture,Chairs,195.184,1,19.5184
1160,CA-2017-147039,29-06-2017,Standard Class,AA-10315,Alex Avila,Consumer,Minneapolis,Minnesota,55407,Central,Office Supplies,Appliances,362.94,3,90.735
1161,CA-2017-147039,29-06-2017,Standard Class,AA-10315,Alex Avila,Consumer,Minneapolis,Minnesota,55407,Central,Office Supplies,Binders,11.54,2,5.77
1162,CA-2014-126522,01-09-2014,Second Class,LT-16765,Larry Tron,Consumer,Escondido,California,92025,West,Office Supplies,Art,53.94,3,15.6426
1163,CA-2014-127964,03-03-2014,Standard Class,AP-10720,Anne Pryor,Home Office,New York City,New York,10035,East,Technology,Phones,9.99,1,4.5954
1164,CA-2014-127964,03-03-2014,Standard Class,AP-10720,Anne Pryor,Home Office,New York City,New York,10035,East,Office Supplies,Binders,125.76,3,40.872
1165,CA-2014-127964,03-03-2014,Standard Class,AP-10720,Anne Pryor,Home Office,New York City,New York,10035,East,Office Supplies,Binders,25.32,5,9.1785
1166,CA-2014-117709,04-05-2014,Standard Class,PM-18940,Paul MacIntyre,Consumer,Jackson,Michigan,49201,Central,Office Supplies,Binders,46.8,4,21.06
1167,CA-2015-125416,02-11-2015,Same Day,KC-16540,Kelly Collister,Consumer,Seattle,Washington,98115,West,Technology,Accessories,447.93,9,49.2723
1168,CA-2017-145226,08-12-2017,Second Class,DL-13315,Delfina Latchford,Consumer,New York City,New York,10035,East,Furniture,Furnishings,109.48,2,33.9388
1169,CA-2017-145226,08-12-2017,Second Class,DL-13315,Delfina Latchford,Consumer,New York City,New York,10035,East,Office Supplies,Storage,272.94,3,0
1170,CA-2017-145226,08-12-2017,Second Class,DL-13315,Delfina Latchford,Consumer,New York City,New York,10035,East,Office Supplies,Paper,19.44,3,9.3312
1171,CA-2017-145226,08-12-2017,Second Class,DL-13315,Delfina Latchford,Consumer,New York City,New York,10035,East,Office Supplies,Storage,31.92,4,8.2992
1172,US-2014-100279,10-03-2014,Standard Class,SW-20275,Scott Williamson,Consumer,Royal Oak,Michigan,48073,Central,Office Supplies,Paper,22.38,2,10.7424
1173,CA-2014-158064,21-04-2014,Standard Class,AA-10375,Allen Armold,Consumer,Los Angeles,California,90008,West,Office Supplies,Binders,16.52,5,5.5755
1174,US-2015-104430,22-10-2015,Standard Class,LT-17110,Liz Thompson,Consumer,Bloomington,Illinois,61701,Central,Office Supplies,Binders,5.176,4,-7.764
1175,CA-2015-132080,22-08-2015,First Class,DP-13105,Dave Poirier,Corporate,New York City,New York,10035,East,Office Supplies,Binders,50.112,6,16.2864
1176,CA-2016-161207,29-08-2016,Standard Class,AB-10060,Adam Bellavance,Home Office,Concord,New Hampshire,3301,East,Office Supplies,Supplies,27.93,3,8.0997
1177,CA-2014-120243,27-12-2014,Second Class,AT-10435,Alyssa Tate,Home Office,Los Angeles,California,90004,West,Office Supplies,Labels,11.56,4,5.4332
1178,CA-2016-113621,01-12-2016,Standard Class,JE-15745,Joel Eaton,Consumer,Rockville,Maryland,20852,East,Furniture,Chairs,172.5,2,51.75
1179,CA-2016-113621,01-12-2016,Standard Class,JE-15745,Joel Eaton,Consumer,Rockville,Maryland,20852,East,Technology,Phones,179.97,3,44.9925
1180,CA-2016-168081,24-04-2016,Second Class,CA-12055,Cathy Armstrong,Home Office,Houston,Texas,77070,Central,Technology,Accessories,258.696,3,64.674
1181,CA-2014-128146,21-06-2014,Standard Class,DB-13060,Dave Brooks,Consumer,Lakewood,New Jersey,8701,East,Technology,Phones,1322.93,7,357.1911
1182,CA-2014-128146,21-06-2014,Standard Class,DB-13060,Dave Brooks,Consumer,Lakewood,New Jersey,8701,East,Office Supplies,Art,3.76,2,1.0904
1183,CA-2017-138779,14-01-2017,First Class,RB-19570,Rob Beeghly,Consumer,Jacksonville,North Carolina,28540,South,Office Supplies,Envelopes,21.744,1,7.3386
1184,CA-2017-138779,14-01-2017,First Class,RB-19570,Rob Beeghly,Consumer,Jacksonville,North Carolina,28540,South,Technology,Phones,7.92,5,0.693
1185,CA-2014-127131,24-11-2014,Standard Class,HR-14830,Harold Ryan,Corporate,Seattle,Washington,98103,West,Office Supplies,Binders,12.096,7,4.2336
1186,CA-2014-127131,24-11-2014,Standard Class,HR-14830,Harold Ryan,Corporate,Seattle,Washington,98103,West,Office Supplies,Storage,485.88,6,9.7176
1187,CA-2014-127131,24-11-2014,Standard Class,HR-14830,Harold Ryan,Corporate,Seattle,Washington,98103,West,Office Supplies,Paper,25.92,4,12.4416
1188,CA-2014-127131,24-11-2014,Standard Class,HR-14830,Harold Ryan,Corporate,Seattle,Washington,98103,West,Office Supplies,Storage,197.58,2,53.3466
1189,CA-2017-117212,26-02-2017,Second Class,BT-11530,Bradley Talbott,Home Office,Los Angeles,California,90036,West,Office Supplies,Appliances,81.92,4,22.1184
1190,CA-2017-117212,26-02-2017,Second Class,BT-11530,Bradley Talbott,Home Office,Los Angeles,California,90036,West,Technology,Phones,889.536,8,66.7152
1191,CA-2017-117212,26-02-2017,Second Class,BT-11530,Bradley Talbott,Home Office,Los Angeles,California,90036,West,Furniture,Chairs,892.224,3,89.2224
1192,CA-2017-117212,26-02-2017,Second Class,BT-11530,Bradley Talbott,Home Office,Los Angeles,California,90036,West,Office Supplies,Paper,223.92,4,109.7208
1193,CA-2017-117212,26-02-2017,Second Class,BT-11530,Bradley Talbott,Home Office,Los Angeles,California,90036,West,Office Supplies,Paper,23.12,4,11.3288
1194,US-2015-130519,15-09-2015,Same Day,NG-18355,Nat Gilpin,Corporate,Coral Springs,Florida,33065,South,Office Supplies,Paper,15.552,3,5.4432
1195,US-2015-130519,15-09-2015,Same Day,NG-18355,Nat Gilpin,Corporate,Coral Springs,Florida,33065,South,Furniture,Furnishings,15.712,4,2.5532
1196,US-2015-130519,15-09-2015,Same Day,NG-18355,Nat Gilpin,Corporate,Coral Springs,Florida,33065,South,Office Supplies,Storage,24.672,2,2.1588
1197,US-2015-130519,15-09-2015,Same Day,NG-18355,Nat Gilpin,Corporate,Coral Springs,Florida,33065,South,Furniture,Furnishings,55.968,1,-2.0988
1198,CA-2016-130946,08-04-2016,Standard Class,ZC-21910,Zuschuss Carroll,Consumer,Houston,Texas,77041,Central,Technology,Accessories,431.928,9,64.7892
1199,CA-2016-130946,08-04-2016,Standard Class,ZC-21910,Zuschuss Carroll,Consumer,Houston,Texas,77041,Central,Furniture,Chairs,95.984,4,-4.1136
1200,CA-2016-130946,08-04-2016,Standard Class,ZC-21910,Zuschuss Carroll,Consumer,Houston,Texas,77041,Central,Office Supplies,Binders,1088.792,4,-1850.9464
1201,CA-2016-114727,18-07-2016,Standard Class,LS-16945,Linda Southworth,Corporate,Denver,Colorado,80219,West,Furniture,Chairs,544.008,3,40.8006
1202,CA-2016-114727,18-07-2016,Standard Class,LS-16945,Linda Southworth,Corporate,Denver,Colorado,80219,West,Office Supplies,Binders,1.872,3,-1.4352
1203,CA-2016-114727,18-07-2016,Standard Class,LS-16945,Linda Southworth,Corporate,Denver,Colorado,80219,West,Furniture,Chairs,854.352,3,10.6794
1204,CA-2016-114727,18-07-2016,Standard Class,LS-16945,Linda Southworth,Corporate,Denver,Colorado,80219,West,Office Supplies,Storage,593.568,2,0
1205,CA-2016-114727,18-07-2016,Standard Class,LS-16945,Linda Southworth,Corporate,Denver,Colorado,80219,West,Office Supplies,Storage,338.04,3,-33.804
1206,CA-2017-133235,01-08-2017,First Class,LH-16750,Larry Hughes,Consumer,Charlotte,North Carolina,28205,South,Technology,Phones,271.96,5,16.9975
1207,CA-2016-137050,14-07-2016,Second Class,SW-20755,Steven Ward,Corporate,New York City,New York,10009,East,Office Supplies,Storage,11.21,1,3.363
1208,CA-2016-137050,14-07-2016,Second Class,SW-20755,Steven Ward,Corporate,New York City,New York,10009,East,Office Supplies,Binders,9.144,3,3.2004
1209,CA-2016-137050,14-07-2016,Second Class,SW-20755,Steven Ward,Corporate,New York City,New York,10009,East,Office Supplies,Fasteners,14.07,7,6.8943
1210,CA-2016-137050,14-07-2016,Second Class,SW-20755,Steven Ward,Corporate,New York City,New York,10009,East,Office Supplies,Art,41.86,7,10.465
1211,CA-2016-137050,14-07-2016,Second Class,SW-20755,Steven Ward,Corporate,New York City,New York,10009,East,Office Supplies,Binders,8.544,2,2.8836
1212,CA-2016-137050,14-07-2016,Second Class,SW-20755,Steven Ward,Corporate,New York City,New York,10009,East,Furniture,Bookcases,579.136,4,21.7176
1213,US-2017-118087,09-09-2017,Standard Class,SP-20620,Stefania Perrino,Corporate,Philadelphia,Pennsylvania,19134,East,Furniture,Chairs,141.372,2,-48.4704
1214,US-2017-118087,09-09-2017,Standard Class,SP-20620,Stefania Perrino,Corporate,Philadelphia,Pennsylvania,19134,East,Office Supplies,Binders,3.036,2,-2.3276
1215,US-2017-118087,09-09-2017,Standard Class,SP-20620,Stefania Perrino,Corporate,Philadelphia,Pennsylvania,19134,East,Office Supplies,Binders,4.503,1,-3.6024
1216,US-2017-118087,09-09-2017,Standard Class,SP-20620,Stefania Perrino,Corporate,Philadelphia,Pennsylvania,19134,East,Office Supplies,Art,4.672,1,1.5768
1217,US-2017-118087,09-09-2017,Standard Class,SP-20620,Stefania Perrino,Corporate,Philadelphia,Pennsylvania,19134,East,Technology,Accessories,95.88,3,28.764
1218,US-2017-118087,09-09-2017,Standard Class,SP-20620,Stefania Perrino,Corporate,Philadelphia,Pennsylvania,19134,East,Furniture,Furnishings,17.024,2,1.7024
1219,US-2017-118087,09-09-2017,Standard Class,SP-20620,Stefania Perrino,Corporate,Philadelphia,Pennsylvania,19134,East,Technology,Accessories,258.696,3,64.674
1220,US-2017-118087,09-09-2017,Standard Class,SP-20620,Stefania Perrino,Corporate,Philadelphia,Pennsylvania,19134,East,Technology,Phones,1931.958,7,-386.3916
1221,CA-2014-110184,12-07-2014,Standard Class,BF-11170,Ben Ferrer,Home Office,Los Angeles,California,90036,West,Office Supplies,Storage,249.75,9,44.955
1222,CA-2014-110184,12-07-2014,Standard Class,BF-11170,Ben Ferrer,Home Office,Los Angeles,California,90036,West,Technology,Phones,255.936,8,28.7928
1223,CA-2016-126004,04-12-2016,First Class,BM-11140,Becky Martin,Consumer,New York City,New York,10024,East,Furniture,Furnishings,113.79,3,20.4822
1224,CA-2016-126004,04-12-2016,First Class,BM-11140,Becky Martin,Consumer,New York City,New York,10024,East,Technology,Accessories,78.15,1,34.386
1225,CA-2016-126004,04-12-2016,First Class,BM-11140,Becky Martin,Consumer,New York City,New York,10024,East,Office Supplies,Binders,1.728,1,0.6048
1226,CA-2016-126004,04-12-2016,First Class,BM-11140,Becky Martin,Consumer,New York City,New York,10024,East,Office Supplies,Paper,40.56,4,19.8744
1227,CA-2016-126004,04-12-2016,First Class,BM-11140,Becky Martin,Consumer,New York City,New York,10024,East,Office Supplies,Storage,182.94,3,3.6588
1228,CA-2016-126004,04-12-2016,First Class,BM-11140,Becky Martin,Consumer,New York City,New York,10024,East,Office Supplies,Storage,193.86,2,11.6316
1229,CA-2017-100013,06-11-2017,Standard Class,ZC-21910,Zuschuss Carroll,Consumer,Los Angeles,California,90045,West,Office Supplies,Envelopes,15.28,2,7.4872
1230,CA-2017-100013,06-11-2017,Standard Class,ZC-21910,Zuschuss Carroll,Consumer,Los Angeles,California,90045,West,Furniture,Furnishings,8.73,1,2.9682
1231,CA-2017-100013,06-11-2017,Standard Class,ZC-21910,Zuschuss Carroll,Consumer,Los Angeles,California,90045,West,Office Supplies,Art,5.68,2,1.7608
1232,CA-2015-132570,31-10-2015,Second Class,KT-16480,Kean Thornton,Consumer,Buffalo,New York,14215,East,Office Supplies,Art,2.78,2,0.7228
1233,CA-2015-132570,31-10-2015,Second Class,KT-16480,Kean Thornton,Consumer,Buffalo,New York,14215,East,Office Supplies,Envelopes,79.96,2,35.982
1234,CA-2016-153682,30-05-2016,First Class,BG-11695,Brooke Gillingham,Corporate,Cincinnati,Ohio,45231,East,Technology,Copiers,839.988,2,69.999
1235,CA-2016-144344,28-10-2016,Same Day,PG-18820,Patrick Gardner,Consumer,Boynton Beach,Florida,33437,South,Furniture,Furnishings,47.952,3,13.7862
1236,CA-2016-144344,28-10-2016,Same Day,PG-18820,Patrick Gardner,Consumer,Boynton Beach,Florida,33437,South,Office Supplies,Binders,37.425,5,-29.94
1237,CA-2016-144344,28-10-2016,Same Day,PG-18820,Patrick Gardner,Consumer,Boynton Beach,Florida,33437,South,Furniture,Furnishings,63.968,2,0
1238,CA-2016-144344,28-10-2016,Same Day,PG-18820,Patrick Gardner,Consumer,Boynton Beach,Florida,33437,South,Furniture,Furnishings,165.048,3,41.262
1239,CA-2014-127012,11-08-2014,Standard Class,GM-14680,Greg Matthias,Consumer,Seattle,Washington,98105,West,Furniture,Furnishings,12.35,1,5.434
1240,CA-2014-127012,11-08-2014,Standard Class,GM-14680,Greg Matthias,Consumer,Seattle,Washington,98105,West,Office Supplies,Art,40.97,1,10.6522
1241,CA-2014-127012,11-08-2014,Standard Class,GM-14680,Greg Matthias,Consumer,Seattle,Washington,98105,West,Office Supplies,Fasteners,22.96,2,10.7912
1242,CA-2016-128727,29-08-2016,Standard Class,MO-17800,Meg O'Connel,Home Office,New York City,New York,10024,East,Technology,Phones,22,4,5.5
1243,US-2016-162859,15-02-2016,Standard Class,PG-18820,Patrick Gardner,Consumer,New York City,New York,10009,East,Office Supplies,Binders,398.352,3,124.485
1244,US-2016-162859,15-02-2016,Standard Class,PG-18820,Patrick Gardner,Consumer,New York City,New York,10009,East,Office Supplies,Fasteners,8.72,4,3.5752
1245,CA-2017-133641,14-05-2017,Standard Class,EJ-14155,Eva Jacobs,Consumer,Gulfport,Mississippi,39503,South,Office Supplies,Envelopes,48.69,9,23.8581
1246,CA-2014-168494,12-12-2014,Second Class,NP-18700,Nora Preis,Consumer,Fresno,California,93727,West,Furniture,Tables,764.688,6,95.586
1247,CA-2014-168494,12-12-2014,Second Class,NP-18700,Nora Preis,Consumer,Fresno,California,93727,West,Furniture,Tables,3610.848,12,135.4068
1248,CA-2014-168494,12-12-2014,Second Class,NP-18700,Nora Preis,Consumer,Fresno,California,93727,West,Furniture,Bookcases,254.9745,3,11.9988
1249,CA-2017-115602,18-12-2017,Standard Class,DJ-13630,Doug Jacobs,Consumer,New York City,New York,10009,East,Office Supplies,Art,38.82,6,17.469
1250,CA-2017-115602,18-12-2017,Standard Class,DJ-13630,Doug Jacobs,Consumer,New York City,New York,10009,East,Furniture,Chairs,1141.938,9,139.5702
1251,CA-2017-115602,18-12-2017,Standard Class,DJ-13630,Doug Jacobs,Consumer,New York City,New York,10009,East,Office Supplies,Appliances,1704.56,13,511.368
1252,CA-2017-115602,18-12-2017,Standard Class,DJ-13630,Doug Jacobs,Consumer,New York City,New York,10009,East,Office Supplies,Art,3.2,2,1.376
1253,CA-2015-154956,04-07-2015,Standard Class,IM-15070,Irene Maddox,Consumer,Milwaukee,Wisconsin,53209,Central,Technology,Phones,1099.96,4,285.9896
1254,CA-2017-144638,10-03-2017,Standard Class,MH-18115,Mick Hernandez,Home Office,Chester,Pennsylvania,19013,East,Office Supplies,Art,5.248,2,0.5904
1255,CA-2017-144638,10-03-2017,Standard Class,MH-18115,Mick Hernandez,Home Office,Chester,Pennsylvania,19013,East,Technology,Phones,35.91,3,-8.379
1256,CA-2017-144638,10-03-2017,Standard Class,MH-18115,Mick Hernandez,Home Office,Chester,Pennsylvania,19013,East,Furniture,Furnishings,6.696,1,0.5022
1257,CA-2017-144638,10-03-2017,Standard Class,MH-18115,Mick Hernandez,Home Office,Chester,Pennsylvania,19013,East,Furniture,Furnishings,43.872,2,11.5164
1258,US-2016-168620,24-12-2016,Second Class,RB-19795,Ross Baird,Home Office,Charlotte,North Carolina,28205,South,Office Supplies,Binders,27.882,3,-20.4468
1259,US-2016-168620,24-12-2016,Second Class,RB-19795,Ross Baird,Home Office,Charlotte,North Carolina,28205,South,Office Supplies,Storage,540.048,3,-47.2542
1260,US-2016-168620,24-12-2016,Second Class,RB-19795,Ross Baird,Home Office,Charlotte,North Carolina,28205,South,Technology,Accessories,255.68,8,76.704
1261,CA-2017-117079,23-10-2017,Standard Class,JR-15700,Jocasta Rupert,Consumer,Jacksonville,Florida,32216,South,Technology,Phones,863.88,3,107.985
1262,US-2016-144393,28-10-2016,Standard Class,SM-20950,Suzanne McNair,Corporate,Greenville,North Carolina,27834,South,Office Supplies,Binders,17.616,4,-14.0928
1263,CA-2017-105053,07-07-2017,Second Class,CS-12355,Christine Sundaresam,Consumer,Long Beach,New York,11561,East,Office Supplies,Binders,17.472,3,6.3336
1264,CA-2016-155992,01-10-2016,First Class,CC-12220,Chris Cortes,Consumer,La Porte,Indiana,46350,Central,Technology,Phones,69.9,2,18.873
1265,CA-2016-155992,01-10-2016,First Class,CC-12220,Chris Cortes,Consumer,La Porte,Indiana,46350,Central,Furniture,Furnishings,41.85,5,10.881
1266,CA-2017-110380,02-09-2017,Standard Class,PF-19225,Phillip Flathmann,Consumer,San Francisco,California,94122,West,Office Supplies,Art,6.57,3,1.7739
1267,US-2014-167738,24-12-2014,Standard Class,JC-16105,Julie Creighton,Corporate,Los Angeles,California,90045,West,Office Supplies,Storage,142.86,1,41.4294
1268,US-2014-167738,24-12-2014,Standard Class,JC-16105,Julie Creighton,Corporate,Los Angeles,California,90045,West,Furniture,Chairs,292.272,6,18.267
1269,CA-2017-121412,23-09-2017,Standard Class,BG-11695,Brooke Gillingham,Corporate,Louisville,Colorado,80027,West,Furniture,Furnishings,29.328,3,3.666
1270,CA-2017-100426,04-06-2017,Standard Class,DC-12850,Dan Campbell,Consumer,Florence,Alabama,35630,South,Office Supplies,Paper,12.48,2,5.616
1271,US-2016-103646,21-04-2016,Standard Class,SP-20545,Sibella Parks,Corporate,Chicago,Illinois,60623,Central,Office Supplies,Storage,102.336,4,-12.792
1272,US-2016-103646,21-04-2016,Standard Class,SP-20545,Sibella Parks,Corporate,Chicago,Illinois,60623,Central,Office Supplies,Appliances,48.792,3,-126.8592
1273,US-2016-103646,21-04-2016,Standard Class,SP-20545,Sibella Parks,Corporate,Chicago,Illinois,60623,Central,Office Supplies,Binders,44.848,8,-67.272
1274,CA-2016-119186,26-05-2016,Same Day,MS-17710,Maurice Satty,Consumer,Fort Worth,Texas,76106,Central,Office Supplies,Paper,10.368,2,3.6288
1275,CA-2016-119186,26-05-2016,Same Day,MS-17710,Maurice Satty,Consumer,Fort Worth,Texas,76106,Central,Furniture,Chairs,388.43,5,-88.784
1276,CA-2016-119186,26-05-2016,Same Day,MS-17710,Maurice Satty,Consumer,Fort Worth,Texas,76106,Central,Office Supplies,Paper,14.352,3,5.2026
1277,CA-2016-119186,26-05-2016,Same Day,MS-17710,Maurice Satty,Consumer,Fort Worth,Texas,76106,Central,Technology,Accessories,63.992,1,-7.1991
1278,CA-2016-148698,02-05-2016,Standard Class,BD-11770,Bryan Davis,Consumer,Houston,Texas,77070,Central,Office Supplies,Art,86.352,3,5.397
1279,CA-2014-163293,08-09-2014,First Class,KC-16255,Karen Carlisle,Corporate,Macon,Georgia,31204,South,Technology,Accessories,32.97,3,12.8583
1280,CA-2014-163293,08-09-2014,First Class,KC-16255,Karen Carlisle,Corporate,Macon,Georgia,31204,South,Technology,Accessories,83.88,4,30.1968
1281,CA-2016-160815,05-09-2016,First Class,TR-21325,Toby Ritter,Consumer,Cedar Rapids,Iowa,52402,Central,Technology,Phones,278.4,3,80.736
1282,CA-2017-122154,09-04-2017,First Class,SA-20830,Sue Ann Reed,Consumer,Jacksonville,Florida,32216,South,Office Supplies,Labels,15.12,3,4.914
1283,CA-2017-122154,09-04-2017,First Class,SA-20830,Sue Ann Reed,Consumer,Jacksonville,Florida,32216,South,Office Supplies,Binders,17.43,1,-13.363
1284,CA-2017-122154,09-04-2017,First Class,SA-20830,Sue Ann Reed,Consumer,Jacksonville,Florida,32216,South,Office Supplies,Paper,251.64,3,88.074
1285,US-2015-149692,06-12-2015,Standard Class,KW-16435,Katrina Willman,Consumer,Austin,Texas,78745,Central,Office Supplies,Binders,2.772,7,-4.851
1286,CA-2016-119445,26-06-2016,Standard Class,GM-14500,Gene McClure,Consumer,Providence,Rhode Island,2908,East,Office Supplies,Storage,14.9,5,1.043
1287,CA-2015-124268,04-07-2015,Standard Class,AD-10180,Alan Dominguez,Home Office,New York City,New York,10035,East,Office Supplies,Art,15.48,3,4.4892
1288,CA-2016-154711,22-11-2016,Standard Class,TB-21355,Todd Boyes,Corporate,New York City,New York,10009,East,Furniture,Furnishings,39.88,2,11.1664
1289,CA-2016-154711,22-11-2016,Standard Class,TB-21355,Todd Boyes,Corporate,New York City,New York,10009,East,Office Supplies,Binders,12.192,4,4.1148
1290,CA-2016-154711,22-11-2016,Standard Class,TB-21355,Todd Boyes,Corporate,New York City,New York,10009,East,Office Supplies,Art,20.82,3,7.4952
1291,CA-2016-163384,10-11-2016,First Class,CC-12430,Chuck Clark,Home Office,San Francisco,California,94122,West,Office Supplies,Binders,13.216,4,4.4604
1292,CA-2016-163384,10-11-2016,First Class,CC-12430,Chuck Clark,Home Office,San Francisco,California,94122,West,Office Supplies,Paper,32.4,5,15.552
1293,CA-2015-101707,27-08-2015,Standard Class,PF-19165,Philip Fox,Consumer,San Diego,California,92105,West,Office Supplies,Supplies,32.94,3,9.2232
1294,CA-2015-101707,27-08-2015,Standard Class,PF-19165,Philip Fox,Consumer,San Diego,California,92105,West,Office Supplies,Paper,114.2,5,52.532
1295,CA-2015-101707,27-08-2015,Standard Class,PF-19165,Philip Fox,Consumer,San Diego,California,92105,West,Office Supplies,Labels,3.08,1,1.4784
1296,CA-2015-138898,25-05-2015,Standard Class,JH-16180,Justin Hirsh,Consumer,Pueblo,Colorado,81001,West,Office Supplies,Appliances,845.728,13,84.5728
1297,CA-2017-115427,30-12-2017,Standard Class,EB-13975,Erica Bern,Corporate,Fairfield,California,94533,West,Office Supplies,Binders,13.904,2,4.5188
1298,CA-2017-115427,30-12-2017,Standard Class,EB-13975,Erica Bern,Corporate,Fairfield,California,94533,West,Office Supplies,Binders,20.72,2,6.475
1299,CA-2016-134425,08-12-2016,Second Class,QJ-19255,Quincy Jones,Corporate,Saint Paul,Minnesota,55106,Central,Technology,Phones,114.95,5,2.299
1300,CA-2015-121391,04-10-2015,First Class,AA-10315,Alex Avila,Consumer,San Francisco,California,94109,West,Office Supplies,Storage,26.96,2,7.0096
1301,CA-2016-137043,23-12-2016,Second Class,LC-17140,Logan Currie,Consumer,Springfield,Virginia,22153,South,Furniture,Furnishings,572.76,6,166.1004
1302,CA-2016-137043,23-12-2016,Second Class,LC-17140,Logan Currie,Consumer,Springfield,Virginia,22153,South,Furniture,Furnishings,286.38,3,83.0502
1303,CA-2015-115847,19-09-2015,Second Class,TC-21535,Tracy Collins,Home Office,Arlington,Virginia,22204,South,Furniture,Bookcases,61.96,2,4.3372
1304,US-2017-126179,03-07-2017,Standard Class,CS-12460,Chuck Sachs,Consumer,Columbus,Georgia,31907,South,Furniture,Furnishings,23.99,1,5.5177
1305,US-2017-126179,03-07-2017,Standard Class,CS-12460,Chuck Sachs,Consumer,Columbus,Georgia,31907,South,Technology,Phones,287.97,3,77.7519
1306,CA-2016-101966,14-07-2016,Second Class,BM-11785,Bryan Mills,Consumer,Houston,Texas,77036,Central,Technology,Phones,419.944,7,52.493
1307,CA-2016-141397,20-06-2016,First Class,RC-19825,Roy Collins,Consumer,Pasadena,California,91104,West,Office Supplies,Paper,46.76,7,22.4448
1308,CA-2016-141397,20-06-2016,First Class,RC-19825,Roy Collins,Consumer,Pasadena,California,91104,West,Office Supplies,Binders,17.712,3,6.4206
1309,CA-2016-141397,20-06-2016,First Class,RC-19825,Roy Collins,Consumer,Pasadena,California,91104,West,Office Supplies,Appliances,21.78,2,5.6628
1310,CA-2016-141397,20-06-2016,First Class,RC-19825,Roy Collins,Consumer,Pasadena,California,91104,West,Office Supplies,Storage,161.94,3,9.7164
1311,CA-2016-141397,20-06-2016,First Class,RC-19825,Roy Collins,Consumer,Pasadena,California,91104,West,Furniture,Chairs,161.568,2,-8.0784
1312,CA-2016-141082,09-12-2016,Standard Class,FM-14380,Fred McMath,Consumer,Lawrence,Massachusetts,1841,East,Office Supplies,Labels,3.69,1,1.7343
1313,CA-2016-141082,09-12-2016,Standard Class,FM-14380,Fred McMath,Consumer,Lawrence,Massachusetts,1841,East,Office Supplies,Labels,122.12,4,56.1752
1314,US-2016-134488,24-09-2016,Standard Class,PK-19075,Pete Kriz,Consumer,Columbus,Ohio,43229,East,Furniture,Chairs,155.372,2,-13.3176
1315,CA-2016-145919,18-12-2016,Standard Class,HG-14965,Henry Goldwyn,Corporate,Los Angeles,California,90032,West,Office Supplies,Paper,38.88,6,18.6624
1316,CA-2016-145919,18-12-2016,Standard Class,HG-14965,Henry Goldwyn,Corporate,Los Angeles,California,90032,West,Furniture,Furnishings,183.84,8,62.5056
1317,CA-2016-145919,18-12-2016,Standard Class,HG-14965,Henry Goldwyn,Corporate,Los Angeles,California,90032,West,Office Supplies,Supplies,579.3,5,28.965
1318,CA-2017-157651,10-12-2017,Standard Class,HA-14920,Helen Andreada,Consumer,Philadelphia,Pennsylvania,19120,East,Technology,Accessories,14.2,1,3.3725
1319,CA-2014-160773,01-07-2014,Standard Class,LW-16825,Laurel Workman,Corporate,Deltona,Florida,32725,South,Technology,Phones,575.92,2,71.99
1320,CA-2014-160773,01-07-2014,Standard Class,LW-16825,Laurel Workman,Corporate,Deltona,Florida,32725,South,Office Supplies,Binders,5.184,6,-3.6288
1321,CA-2017-167703,03-02-2017,Standard Class,MC-17575,Matt Collins,Consumer,Cincinnati,Ohio,45231,East,Office Supplies,Binders,5.229,3,-4.1832
1322,CA-2017-167703,03-02-2017,Standard Class,MC-17575,Matt Collins,Consumer,Cincinnati,Ohio,45231,East,Office Supplies,Storage,285.552,2,35.694
1323,CA-2017-121804,03-03-2017,Standard Class,LP-17095,Liz Preis,Consumer,Murray,Kentucky,42071,South,Office Supplies,Appliances,72.8,5,19.656
1324,CA-2017-162635,09-10-2017,First Class,EB-14170,Evan Bailliet,Consumer,Wilmington,North Carolina,28403,South,Office Supplies,Paper,10.816,4,3.5152
1325,CA-2014-107153,28-09-2014,Standard Class,GZ-14545,George Zrebassa,Corporate,Lawrence,Massachusetts,1841,East,Office Supplies,Storage,46.26,3,12.4902
1326,US-2014-117058,27-05-2014,First Class,LE-16810,Laurel Elliston,Consumer,Chicago,Illinois,60653,Central,Office Supplies,Binders,17.46,6,-30.555
1327,CA-2015-120439,14-06-2015,Standard Class,AD-10180,Alan Dominguez,Home Office,Philadelphia,Pennsylvania,19120,East,Furniture,Furnishings,51.072,6,5.1072
1328,CA-2016-128258,30-03-2016,First Class,CP-12085,Cathy Prescott,Corporate,Norwich,Connecticut,6360,East,Office Supplies,Paper,11.34,1,5.5566
1329,CA-2017-106033,15-10-2017,Second Class,FG-14260,Frank Gastineau,Home Office,San Francisco,California,94110,West,Office Supplies,Art,87.92,4,26.376
1330,CA-2016-142762,23-05-2016,Standard Class,LD-17005,Lisa DeCherney,Consumer,San Francisco,California,94109,West,Furniture,Furnishings,37.05,3,16.302
1331,CA-2017-127705,02-06-2017,Standard Class,AB-10255,Alejandro Ballentine,Home Office,Lorain,Ohio,44052,East,Technology,Phones,2.97,1,-0.6435
1332,CA-2017-127705,02-06-2017,Standard Class,AB-10255,Alejandro Ballentine,Home Office,Lorain,Ohio,44052,East,Office Supplies,Storage,27.44,2,2.401
1333,CA-2014-122567,16-02-2014,Standard Class,MN-17935,Michael Nguyen,Consumer,Dallas,Texas,75220,Central,Office Supplies,Binders,1.08,3,-1.728
1334,CA-2014-122567,16-02-2014,Standard Class,MN-17935,Michael Nguyen,Consumer,Dallas,Texas,75220,Central,Office Supplies,Appliances,7.96,2,-13.93
1335,CA-2014-121664,06-05-2014,Standard Class,HP-14815,Harold Pawlan,Home Office,Los Angeles,California,90049,West,Office Supplies,Binders,140.736,8,52.776
1336,CA-2016-122133,16-05-2016,Standard Class,JR-15670,Jim Radford,Consumer,Middletown,Connecticut,6457,East,Office Supplies,Storage,552.56,4,0
1337,US-2017-123281,02-04-2017,Standard Class,JF-15190,Jamie Frazer,Consumer,Los Angeles,California,90008,West,Furniture,Furnishings,25.11,3,6.5286
1338,CA-2017-100524,31-03-2017,Second Class,CM-12115,Chad McGuire,Consumer,New York City,New York,10011,East,Furniture,Furnishings,29.78,2,8.0406
1339,CA-2017-100524,31-03-2017,Second Class,CM-12115,Chad McGuire,Consumer,New York City,New York,10011,East,Technology,Phones,677.58,3,176.1708
1340,CA-2017-100524,31-03-2017,Second Class,CM-12115,Chad McGuire,Consumer,New York City,New York,10011,East,Office Supplies,Paper,75.04,8,36.0192
1341,CA-2017-113481,02-01-2017,First Class,AS-10045,Aaron Smayling,Corporate,Jacksonville,North Carolina,28540,South,Technology,Machines,695.7,2,-27.828
1342,CA-2017-113481,02-01-2017,First Class,AS-10045,Aaron Smayling,Corporate,Jacksonville,North Carolina,28540,South,Office Supplies,Binders,15.66,5,-12.528
1343,CA-2017-113481,02-01-2017,First Class,AS-10045,Aaron Smayling,Corporate,Jacksonville,North Carolina,28540,South,Office Supplies,Binders,28.854,6,-21.1596
1344,CA-2015-131758,28-05-2015,Standard Class,KB-16315,Karl Braun,Consumer,Freeport,New York,11520,East,Office Supplies,Art,47.82,3,14.346
1345,CA-2015-131758,28-05-2015,Standard Class,KB-16315,Karl Braun,Consumer,Freeport,New York,11520,East,Office Supplies,Labels,13.05,5,6.003
1346,CA-2014-118339,17-03-2014,Standard Class,BN-11515,Bradley Nguyen,Consumer,Lakeville,Minnesota,55044,Central,Office Supplies,Appliances,93.78,2,36.5742
1347,CA-2014-118339,17-03-2014,Standard Class,BN-11515,Bradley Nguyen,Consumer,Lakeville,Minnesota,55044,Central,Office Supplies,Paper,47.18,7,23.59
1348,CA-2014-118339,17-03-2014,Standard Class,BN-11515,Bradley Nguyen,Consumer,Lakeville,Minnesota,55044,Central,Office Supplies,Art,19.68,6,5.7072
1349,CA-2014-118339,17-03-2014,Standard Class,BN-11515,Bradley Nguyen,Consumer,Lakeville,Minnesota,55044,Central,Office Supplies,Binders,53.4,10,25.098
1350,CA-2014-118339,17-03-2014,Standard Class,BN-11515,Bradley Nguyen,Consumer,Lakeville,Minnesota,55044,Central,Office Supplies,Binders,35.88,6,17.2224
1351,CA-2014-153976,03-10-2014,Second Class,BP-11290,Beth Paige,Consumer,Evanston,Illinois,60201,Central,Furniture,Chairs,258.279,3,-70.1043
1352,CA-2016-162901,28-03-2016,First Class,AS-10045,Aaron Smayling,Corporate,Arlington,Virginia,22204,South,Office Supplies,Storage,31.4,2,7.85
1353,CA-2017-162978,04-05-2017,Standard Class,LW-16990,Lindsay Williams,Corporate,San Francisco,California,94109,West,Technology,Phones,183.96,5,20.6955
1354,CA-2017-162978,04-05-2017,Standard Class,LW-16990,Lindsay Williams,Corporate,San Francisco,California,94109,West,Office Supplies,Paper,17.61,3,8.4528
1355,CA-2017-162978,04-05-2017,Standard Class,LW-16990,Lindsay Williams,Corporate,San Francisco,California,94109,West,Furniture,Tables,300.904,1,11.2839
1356,US-2014-160444,05-07-2014,Same Day,DC-12850,Dan Campbell,Consumer,Houston,Texas,77036,Central,Office Supplies,Storage,220.776,3,-44.1552
1357,US-2014-160444,05-07-2014,Same Day,DC-12850,Dan Campbell,Consumer,Houston,Texas,77036,Central,Office Supplies,Storage,281.424,11,-35.178
1358,CA-2016-145247,05-05-2016,First Class,ND-18370,Natalie DeCherney,Consumer,Louisville,Kentucky,40214,South,Office Supplies,Paper,79.14,3,36.4044
1359,CA-2017-160045,26-04-2017,First Class,LB-16735,Larry Blacks,Consumer,Fort Worth,Texas,76106,Central,Furniture,Furnishings,1.988,1,-1.4413
1360,US-2014-151925,26-09-2014,Second Class,KT-16465,Kean Takahito,Consumer,Los Angeles,California,90049,West,Furniture,Chairs,145.568,2,0
1361,CA-2017-125199,19-10-2017,Standard Class,HM-14860,Harry Marie,Corporate,Philadelphia,Pennsylvania,19120,East,Office Supplies,Art,123.256,7,9.2442
1362,CA-2017-125199,19-10-2017,Standard Class,HM-14860,Harry Marie,Corporate,Philadelphia,Pennsylvania,19120,East,Office Supplies,Paper,23.68,4,7.4
1363,CA-2017-125199,19-10-2017,Standard Class,HM-14860,Harry Marie,Corporate,Philadelphia,Pennsylvania,19120,East,Technology,Phones,309.576,4,-56.7556
1364,US-2017-155425,10-11-2017,First Class,AB-10600,Ann Blume,Corporate,Tucson,Arizona,85705,West,Office Supplies,Binders,38.388,14,-25.592
1365,US-2017-155425,10-11-2017,First Class,AB-10600,Ann Blume,Corporate,Tucson,Arizona,85705,West,Technology,Machines,95.994,2,-63.996
1366,US-2017-155425,10-11-2017,First Class,AB-10600,Ann Blume,Corporate,Tucson,Arizona,85705,West,Technology,Accessories,239.952,6,-35.9928
1367,US-2017-155425,10-11-2017,First Class,AB-10600,Ann Blume,Corporate,Tucson,Arizona,85705,West,Technology,Phones,201.584,2,15.1188
1368,US-2017-155425,10-11-2017,First Class,AB-10600,Ann Blume,Corporate,Tucson,Arizona,85705,West,Furniture,Chairs,899.136,4,-146.1096
1369,CA-2017-133249,08-07-2017,First Class,SZ-20035,Sam Zeldin,Home Office,Pico Rivera,California,90660,West,Furniture,Furnishings,145.9,5,62.737
1370,US-2015-103471,24-12-2015,Standard Class,JR-15670,Jim Radford,Consumer,Colorado Springs,Colorado,80906,West,Furniture,Bookcases,590.058,7,-786.744
1371,US-2015-103471,24-12-2015,Standard Class,JR-15670,Jim Radford,Consumer,Colorado Springs,Colorado,80906,West,Office Supplies,Art,14.04,3,1.5795
1372,CA-2017-136672,07-03-2017,Standard Class,MG-17890,Michael Granlund,Home Office,Clinton,Maryland,20735,East,Technology,Accessories,49.08,3,4.908
1373,US-2014-157021,01-04-2014,Second Class,KM-16720,Kunst Miller,Consumer,Vallejo,California,94591,West,Office Supplies,Labels,29.6,2,14.8
1374,US-2014-157021,01-04-2014,Second Class,KM-16720,Kunst Miller,Consumer,Vallejo,California,94591,West,Office Supplies,Binders,17.088,4,5.5536
1375,CA-2015-120362,14-09-2015,Standard Class,CA-12265,Christina Anderson,Consumer,Provo,Utah,84604,West,Furniture,Tables,912.75,5,118.6575
1376,CA-2014-126361,04-08-2014,Second Class,VD-21670,Valerie Dominguez,Consumer,Pleasant Grove,Utah,84062,West,Office Supplies,Appliances,1089.75,3,305.13
1377,CA-2014-126361,04-08-2014,Second Class,VD-21670,Valerie Dominguez,Consumer,Pleasant Grove,Utah,84062,West,Office Supplies,Paper,447.84,8,219.4416
1378,CA-2014-126361,04-08-2014,Second Class,VD-21670,Valerie Dominguez,Consumer,Pleasant Grove,Utah,84062,West,Office Supplies,Art,16.4,5,4.264
1379,CA-2014-126361,04-08-2014,Second Class,VD-21670,Valerie Dominguez,Consumer,Pleasant Grove,Utah,84062,West,Technology,Phones,399.96,5,34.9965
1380,CA-2014-126361,04-08-2014,Second Class,VD-21670,Valerie Dominguez,Consumer,Pleasant Grove,Utah,84062,West,Office Supplies,Storage,158.9,5,7.945
1381,CA-2014-126361,04-08-2014,Second Class,VD-21670,Valerie Dominguez,Consumer,Pleasant Grove,Utah,84062,West,Office Supplies,Binders,13.184,1,4.7792
1382,US-2016-100566,03-09-2016,Standard Class,JK-16120,Julie Kriz,Home Office,Aurora,Illinois,60505,Central,Furniture,Furnishings,83.952,3,-90.2484
1383,US-2016-108504,05-02-2016,Same Day,PP-18955,Paul Prost,Home Office,Smyrna,Georgia,30080,South,Office Supplies,Storage,80.98,1,1.6196
1384,US-2016-108504,05-02-2016,Same Day,PP-18955,Paul Prost,Home Office,Smyrna,Georgia,30080,South,Office Supplies,Paper,348.84,9,170.9316
1385,US-2016-108504,05-02-2016,Same Day,PP-18955,Paul Prost,Home Office,Smyrna,Georgia,30080,South,Office Supplies,Fasteners,9.45,5,0.189
1386,US-2016-108504,05-02-2016,Same Day,PP-18955,Paul Prost,Home Office,Smyrna,Georgia,30080,South,Furniture,Furnishings,18.84,3,7.1592
1387,US-2016-108504,05-02-2016,Same Day,PP-18955,Paul Prost,Home Office,Smyrna,Georgia,30080,South,Furniture,Bookcases,239.98,2,52.7956
1388,US-2016-108504,05-02-2016,Same Day,PP-18955,Paul Prost,Home Office,Smyrna,Georgia,30080,South,Office Supplies,Envelopes,167.96,2,78.9412
1389,US-2016-108504,05-02-2016,Same Day,PP-18955,Paul Prost,Home Office,Smyrna,Georgia,30080,South,Technology,Phones,104.85,3,28.3095
1390,US-2016-108504,05-02-2016,Same Day,PP-18955,Paul Prost,Home Office,Smyrna,Georgia,30080,South,Technology,Phones,484.83,3,126.0558
1391,US-2016-108504,05-02-2016,Same Day,PP-18955,Paul Prost,Home Office,Smyrna,Georgia,30080,South,Office Supplies,Paper,122.97,3,60.2553
1392,US-2016-108504,05-02-2016,Same Day,PP-18955,Paul Prost,Home Office,Smyrna,Georgia,30080,South,Office Supplies,Storage,154.44,3,1.5444
1393,US-2016-108504,05-02-2016,Same Day,PP-18955,Paul Prost,Home Office,Smyrna,Georgia,30080,South,Office Supplies,Paper,342.37,7,160.9139
1394,CA-2017-124828,03-07-2017,First Class,YS-21880,Yana Sorensen,Corporate,Burlington,North Carolina,27217,South,Office Supplies,Art,9.552,3,1.5522
1395,US-2017-117247,09-10-2017,Standard Class,CK-12760,Cyma Kinney,Corporate,Aurora,Illinois,60505,Central,Furniture,Tables,652.45,5,-430.617
1396,US-2017-117247,09-10-2017,Standard Class,CK-12760,Cyma Kinney,Corporate,Aurora,Illinois,60505,Central,Furniture,Tables,66.645,3,-42.6528
1397,CA-2016-124485,24-11-2016,First Class,NC-18340,Nat Carroll,Consumer,New York City,New York,10035,East,Office Supplies,Binders,17.216,4,6.0256
1398,CA-2016-124485,24-11-2016,First Class,NC-18340,Nat Carroll,Consumer,New York City,New York,10035,East,Office Supplies,Paper,11.56,2,5.6644
1399,CA-2016-124485,24-11-2016,First Class,NC-18340,Nat Carroll,Consumer,New York City,New York,10035,East,Technology,Accessories,88.4,4,11.492
1400,CA-2016-124485,24-11-2016,First Class,NC-18340,Nat Carroll,Consumer,New York City,New York,10035,East,Office Supplies,Paper,6.48,1,3.1104
1401,CA-2016-159212,01-11-2016,Standard Class,KM-16375,Katherine Murray,Home Office,Salem,Virginia,24153,South,Technology,Phones,21.8,2,6.104
1402,CA-2016-159212,01-11-2016,Standard Class,KM-16375,Katherine Murray,Home Office,Salem,Virginia,24153,South,Office Supplies,Envelopes,251.79,3,118.3413
1403,US-2016-161396,19-04-2016,Standard Class,GM-14455,Gary Mitchum,Home Office,Columbus,Ohio,43229,East,Furniture,Tables,205.176,2,-58.1332
1404,US-2016-161396,19-04-2016,Standard Class,GM-14455,Gary Mitchum,Home Office,Columbus,Ohio,43229,East,Office Supplies,Paper,419.4,5,146.79
1405,US-2014-118486,06-04-2014,First Class,SD-20485,Shirley Daniels,Home Office,Philadelphia,Pennsylvania,19143,East,Office Supplies,Supplies,10.304,1,-2.1896
1406,US-2014-118486,06-04-2014,First Class,SD-20485,Shirley Daniels,Home Office,Philadelphia,Pennsylvania,19143,East,Furniture,Tables,154.764,3,-36.1116
1407,US-2014-118486,06-04-2014,First Class,SD-20485,Shirley Daniels,Home Office,Philadelphia,Pennsylvania,19143,East,Technology,Accessories,116.784,2,21.897
1408,CA-2016-130407,02-09-2016,Standard Class,KD-16270,Karen Daniels,Consumer,New York City,New York,10024,East,Office Supplies,Art,75.48,2,19.6248
1409,CA-2016-130407,02-09-2016,Standard Class,KD-16270,Karen Daniels,Consumer,New York City,New York,10024,East,Furniture,Furnishings,39.98,2,9.995
1410,US-2016-122245,25-09-2016,Standard Class,AB-10105,Adrian Barton,Consumer,Phoenix,Arizona,85023,West,Furniture,Tables,393.165,3,-204.4458
1411,CA-2017-105144,04-11-2017,Standard Class,SZ-20035,Sam Zeldin,Home Office,Grand Prairie,Texas,75051,Central,Office Supplies,Labels,23.68,2,8.88
1412,CA-2016-136329,09-07-2016,Standard Class,JD-15895,Jonathan Doherty,Corporate,New York City,New York,10035,East,Furniture,Chairs,408.006,2,72.5344
1413,CA-2016-136329,09-07-2016,Standard Class,JD-15895,Jonathan Doherty,Corporate,New York City,New York,10035,East,Furniture,Furnishings,165.28,4,14.8752
1414,CA-2014-146640,30-06-2014,Standard Class,HA-14905,Helen Abelman,Consumer,New York City,New York,10024,East,Office Supplies,Binders,334.768,7,108.7996
1415,CA-2017-115994,28-01-2017,Second Class,BT-11305,Beth Thompson,Home Office,Costa Mesa,California,92627,West,Technology,Accessories,239.97,3,26.3967
1416,CA-2017-115994,28-01-2017,Second Class,BT-11305,Beth Thompson,Home Office,Costa Mesa,California,92627,West,Furniture,Furnishings,37.74,3,12.8316
1417,CA-2015-126697,21-09-2015,First Class,SV-20815,Stuart Van,Corporate,Houston,Texas,77041,Central,Technology,Phones,946.344,7,118.293
1418,CA-2015-126697,21-09-2015,First Class,SV-20815,Stuart Van,Corporate,Houston,Texas,77041,Central,Technology,Accessories,151.2,3,32.13
1419,CA-2015-126697,21-09-2015,First Class,SV-20815,Stuart Van,Corporate,Houston,Texas,77041,Central,Furniture,Furnishings,4.928,4,-1.4784
1420,CA-2015-124800,26-09-2015,Standard Class,RW-19540,Rick Wilson,Corporate,Mesa,Arizona,85204,West,Office Supplies,Paper,86.272,4,31.2736
1421,CA-2015-124800,26-09-2015,Standard Class,RW-19540,Rick Wilson,Corporate,Mesa,Arizona,85204,West,Office Supplies,Binders,72.588,2,-48.392
1422,CA-2015-124800,26-09-2015,Standard Class,RW-19540,Rick Wilson,Corporate,Mesa,Arizona,85204,West,Office Supplies,Appliances,60.672,2,14.4096
1423,CA-2015-124800,26-09-2015,Standard Class,RW-19540,Rick Wilson,Corporate,Mesa,Arizona,85204,West,Office Supplies,Binders,77.031,9,-59.0571
1424,CA-2015-124800,26-09-2015,Standard Class,RW-19540,Rick Wilson,Corporate,Mesa,Arizona,85204,West,Office Supplies,Storage,119.904,6,-1.4988
1425,CA-2015-124800,26-09-2015,Standard Class,RW-19540,Rick Wilson,Corporate,Mesa,Arizona,85204,West,Technology,Phones,263.96,5,23.0965
1426,CA-2015-124800,26-09-2015,Standard Class,RW-19540,Rick Wilson,Corporate,Mesa,Arizona,85204,West,Office Supplies,Storage,363.648,4,-86.3664
1427,US-2015-164448,31-10-2015,Second Class,DK-12835,Damala Kotsonis,Corporate,Salinas,California,93905,West,Office Supplies,Binders,9.728,2,3.2832
1428,US-2015-164448,31-10-2015,Second Class,DK-12835,Damala Kotsonis,Corporate,Salinas,California,93905,West,Office Supplies,Envelopes,14.75,5,7.08
1429,US-2015-164448,31-10-2015,Second Class,DK-12835,Damala Kotsonis,Corporate,Salinas,California,93905,West,Office Supplies,Binders,29.8,5,9.3125
1430,US-2015-164448,31-10-2015,Second Class,DK-12835,Damala Kotsonis,Corporate,Salinas,California,93905,West,Office Supplies,Labels,427.42,14,196.6132
1431,CA-2017-122700,26-11-2017,Standard Class,LT-17110,Liz Thompson,Consumer,Columbus,Ohio,43229,East,Technology,Phones,220.752,8,-40.4712
1432,CA-2014-120768,19-12-2014,Second Class,IM-15070,Irene Maddox,Consumer,Florence,Alabama,35630,South,Office Supplies,Binders,152.76,6,74.8524
1433,CA-2014-120768,19-12-2014,Second Class,IM-15070,Irene Maddox,Consumer,Florence,Alabama,35630,South,Office Supplies,Supplies,7.27,1,1.9629
1434,CA-2014-120768,19-12-2014,Second Class,IM-15070,Irene Maddox,Consumer,Florence,Alabama,35630,South,Furniture,Chairs,1819.86,14,163.7874
1435,US-2016-153129,26-12-2016,Standard Class,FP-14320,Frank Preis,Consumer,Seattle,Washington,98105,West,Office Supplies,Paper,33.9,5,15.594
1436,CA-2017-106852,20-06-2017,Standard Class,ST-20530,Shui Tom,Consumer,Parma,Ohio,44134,East,Office Supplies,Paper,31.104,6,10.8864
1437,CA-2017-106852,20-06-2017,Standard Class,ST-20530,Shui Tom,Consumer,Parma,Ohio,44134,East,Office Supplies,Art,5.248,2,0.5904
1438,CA-2015-139731,15-10-2015,Same Day,JE-15745,Joel Eaton,Consumer,Amarillo,Texas,79109,Central,Technology,Accessories,263.88,3,42.8805
1439,CA-2015-139731,15-10-2015,Same Day,JE-15745,Joel Eaton,Consumer,Amarillo,Texas,79109,Central,Furniture,Chairs,2453.43,5,-350.49
1440,CA-2017-122735,12-04-2017,Second Class,BD-11320,Bill Donatelli,Consumer,Providence,Rhode Island,2908,East,Office Supplies,Binders,29.7,5,13.365
1441,CA-2017-122735,12-04-2017,Second Class,BD-11320,Bill Donatelli,Consumer,Providence,Rhode Island,2908,East,Office Supplies,Paper,39.96,4,17.982
1442,CA-2017-128160,19-12-2017,Second Class,MM-17920,Michael Moore,Consumer,San Francisco,California,94110,West,Office Supplies,Binders,36.672,2,11.46
1443,CA-2017-117695,05-08-2017,First Class,PW-19030,Pauline Webber,Corporate,Richmond,Kentucky,40475,South,Office Supplies,Paper,13.76,2,6.3296
1444,CA-2015-166135,01-10-2015,Standard Class,SC-20440,Shaun Chance,Corporate,Aurora,Colorado,80013,West,Office Supplies,Storage,139.424,4,17.428
1445,CA-2016-133725,23-05-2016,Standard Class,KL-16645,Ken Lonsdale,Consumer,Chicago,Illinois,60623,Central,Technology,Phones,1979.928,9,148.4946
1446,CA-2017-102337,13-06-2017,First Class,SD-20485,Shirley Daniels,Home Office,Chicago,Illinois,60653,Central,Office Supplies,Storage,164.736,4,-39.1248
1447,CA-2017-102337,13-06-2017,First Class,SD-20485,Shirley Daniels,Home Office,Chicago,Illinois,60653,Central,Furniture,Chairs,470.302,7,-87.3418
1448,CA-2017-102337,13-06-2017,First Class,SD-20485,Shirley Daniels,Home Office,Chicago,Illinois,60653,Central,Technology,Phones,47.984,2,5.998
1449,US-2014-112564,23-04-2014,First Class,TS-21160,Theresa Swint,Corporate,Philadelphia,Pennsylvania,19134,East,Office Supplies,Binders,2.502,3,-1.7514
1450,CA-2015-145821,01-05-2015,Standard Class,JB-15400,Jennifer Braxton,Corporate,Los Angeles,California,90008,West,Technology,Phones,88.752,3,11.094
1451,US-2015-160150,19-07-2015,First Class,TS-21085,Thais Sissman,Consumer,Phoenix,Arizona,85023,West,Office Supplies,Binders,2.025,1,-1.35
1452,CA-2016-133711,26-11-2016,First Class,MC-17425,Mark Cousins,Corporate,Mobile,Alabama,36608,South,Office Supplies,Paper,70.98,7,34.7802
1453,CA-2016-133711,26-11-2016,First Class,MC-17425,Mark Cousins,Corporate,Mobile,Alabama,36608,South,Office Supplies,Binders,91.68,3,45.84
1454,CA-2016-133711,26-11-2016,First Class,MC-17425,Mark Cousins,Corporate,Mobile,Alabama,36608,South,Office Supplies,Binders,33.75,5,16.875
1455,CA-2016-133711,26-11-2016,First Class,MC-17425,Mark Cousins,Corporate,Mobile,Alabama,36608,South,Technology,Machines,3040,8,1459.2
1456,CA-2017-148474,12-06-2017,Standard Class,ME-17320,Maria Etezadi,Home Office,Columbus,Georgia,31907,South,Office Supplies,Binders,91.2,3,41.952
1457,CA-2017-148474,12-06-2017,Standard Class,ME-17320,Maria Etezadi,Home Office,Columbus,Georgia,31907,South,Furniture,Tables,452.94,3,67.941
1458,CA-2015-111297,17-08-2015,Standard Class,SC-20440,Shaun Chance,Corporate,New Bedford,Massachusetts,2740,East,Office Supplies,Binders,52.2,9,23.49
1459,CA-2016-123722,25-09-2016,Standard Class,NH-18610,Nicole Hansen,Corporate,Irving,Texas,75061,Central,Office Supplies,Labels,15.936,4,5.1792
1460,CA-2014-155271,04-05-2014,Same Day,AA-10480,Andrew Allen,Consumer,Middletown,Connecticut,6457,East,Furniture,Furnishings,27.46,2,9.8856
1461,CA-2015-119907,01-12-2015,Standard Class,LC-17140,Logan Currie,Consumer,Seattle,Washington,98103,West,Office Supplies,Binders,55.424,2,19.3984
1462,US-2016-128902,11-03-2016,Standard Class,MB-18085,Mick Brown,Consumer,Vineland,New Jersey,8360,East,Furniture,Tables,244.006,2,-31.3722
1463,CA-2016-152289,26-08-2016,First Class,LC-16930,Linda Cazamias,Corporate,Pasadena,Texas,77506,Central,Technology,Accessories,159.984,2,43.9956
1464,CA-2016-152289,26-08-2016,First Class,LC-16930,Linda Cazamias,Corporate,Pasadena,Texas,77506,Central,Furniture,Chairs,1024.716,6,-29.2776
1465,US-2016-104794,16-12-2016,First Class,KD-16495,Keith Dawkins,Corporate,New York City,New York,10009,East,Office Supplies,Fasteners,3.68,2,1.8032
1466,CA-2014-151708,08-08-2014,Standard Class,MB-17305,Maria Bertelson,Consumer,Glendale,Arizona,85301,West,Furniture,Furnishings,121.376,4,-3.0344
1467,CA-2014-151708,08-08-2014,Standard Class,MB-17305,Maria Bertelson,Consumer,Glendale,Arizona,85301,West,Technology,Accessories,95.976,3,-10.7973
1468,CA-2015-100769,16-05-2015,Same Day,TH-21550,Tracy Hopkins,Home Office,Jacksonville,Florida,32216,South,Technology,Accessories,255.968,4,31.996
1469,CA-2017-139199,09-12-2017,Standard Class,DK-12835,Damala Kotsonis,Corporate,Detroit,Michigan,48234,Central,Furniture,Chairs,872.94,3,226.9644
1470,CA-2017-139199,09-12-2017,Standard Class,DK-12835,Damala Kotsonis,Corporate,Detroit,Michigan,48234,Central,Office Supplies,Binders,41.54,2,19.5238
1471,CA-2017-139199,09-12-2017,Standard Class,DK-12835,Damala Kotsonis,Corporate,Detroit,Michigan,48234,Central,Office Supplies,Paper,12.96,2,6.2208
1472,US-2015-161466,24-09-2015,Second Class,ON-18715,Odella Nelson,Corporate,Philadelphia,Pennsylvania,19120,East,Office Supplies,Art,6.848,2,0.5992
1473,CA-2017-164959,11-07-2017,Standard Class,KN-16390,Katherine Nockton,Corporate,Los Angeles,California,90004,West,Office Supplies,Labels,8.67,3,4.0749
1474,US-2015-105676,01-12-2015,Same Day,NM-18520,Neoma Murray,Consumer,Houston,Texas,77036,Central,Furniture,Furnishings,6.688,4,-4.0128
1475,CA-2016-113138,19-11-2016,Standard Class,NP-18685,Nora Pelletier,Home Office,Niagara Falls,New York,14304,East,Office Supplies,Art,17.28,6,5.0112
1476,CA-2016-113138,19-11-2016,Standard Class,NP-18685,Nora Pelletier,Home Office,Niagara Falls,New York,14304,East,Office Supplies,Binders,17.712,3,6.4206
1477,US-2017-104955,19-03-2017,Standard Class,CG-12040,Catherine Glotzbach,Home Office,New York City,New York,10024,East,Office Supplies,Labels,28.91,7,13.2986
1478,CA-2016-121958,13-11-2016,Standard Class,CS-12505,Cindy Stewart,Consumer,Thomasville,North Carolina,27360,South,Office Supplies,Supplies,52.136,7,5.8653
1479,CA-2017-121468,19-11-2017,First Class,KD-16345,Katherine Ducich,Consumer,Westminster,California,92683,West,Technology,Phones,31.968,4,2.3976
1480,US-2016-108455,02-12-2016,Standard Class,MK-18160,Mike Kennedy,Consumer,San Francisco,California,94122,West,Office Supplies,Paper,25.92,4,12.4416
1481,US-2016-108455,02-12-2016,Standard Class,MK-18160,Mike Kennedy,Consumer,San Francisco,California,94122,West,Office Supplies,Paper,40.46,7,19.8254
1482,US-2016-108455,02-12-2016,Standard Class,MK-18160,Mike Kennedy,Consumer,San Francisco,California,94122,West,Office Supplies,Storage,33.87,3,8.8062
1483,CA-2017-101210,25-08-2017,Second Class,DW-13540,Don Weiss,Consumer,Jackson,Tennessee,38301,South,Office Supplies,Art,9.728,2,1.7024
1484,CA-2017-101210,25-08-2017,Second Class,DW-13540,Don Weiss,Consumer,Jackson,Tennessee,38301,South,Office Supplies,Paper,3.424,1,1.07
1485,US-2016-108098,14-10-2016,Standard Class,CP-12340,Christine Phan,Corporate,Seattle,Washington,98115,West,Technology,Accessories,177,3,30.09
1486,CA-2014-119032,27-11-2014,Standard Class,MS-17770,Maxwell Schwartz,Consumer,New York City,New York,10035,East,Office Supplies,Fasteners,3.76,2,1.316
1487,CA-2015-140410,03-11-2015,Standard Class,CM-12655,Corinna Mitchell,Home Office,Los Angeles,California,90008,West,Technology,Phones,1212.848,7,106.1242
1488,CA-2015-140410,03-11-2015,Standard Class,CM-12655,Corinna Mitchell,Home Office,Los Angeles,California,90008,West,Technology,Accessories,89.97,3,37.7874
1489,CA-2015-140410,03-11-2015,Standard Class,CM-12655,Corinna Mitchell,Home Office,Los Angeles,California,90008,West,Furniture,Furnishings,42.6,3,16.614
1490,CA-2014-136280,29-11-2014,Standard Class,Co-12640,Corey-Lock,Consumer,Philadelphia,Pennsylvania,19143,East,Office Supplies,Labels,5.04,2,1.764
1491,CA-2017-151911,30-04-2017,Second Class,DL-13495,Dionis Lloyd,Corporate,New York City,New York,10024,East,Office Supplies,Envelopes,62.96,4,28.332
1492,CA-2017-166436,24-11-2017,Standard Class,TS-21370,Todd Sumrall,Corporate,New York City,New York,10035,East,Office Supplies,Paper,5.88,1,2.8812
1493,CA-2017-166436,24-11-2017,Standard Class,TS-21370,Todd Sumrall,Corporate,New York City,New York,10035,East,Furniture,Chairs,977.292,6,173.7408
1494,CA-2017-139661,30-10-2017,Standard Class,JW-15220,Jane Waco,Corporate,Vancouver,Washington,98661,West,Furniture,Furnishings,9.64,2,3.6632
1495,CA-2014-123925,17-12-2014,Second Class,RF-19840,Roy FranzÃ¶sisch,Consumer,Columbus,Georgia,31907,South,Office Supplies,Art,40.05,3,11.214
1496,CA-2017-152485,04-09-2017,Standard Class,JD-15790,John Dryer,Consumer,Coppell,Texas,75019,Central,Office Supplies,Art,10.192,7,3.185
1497,CA-2017-152485,04-09-2017,Standard Class,JD-15790,John Dryer,Consumer,Coppell,Texas,75019,Central,Office Supplies,Storage,16.784,1,-0.2098
1498,CA-2017-152485,04-09-2017,Standard Class,JD-15790,John Dryer,Consumer,Coppell,Texas,75019,Central,Office Supplies,Art,13.12,5,3.772
1499,CA-2016-141586,17-10-2016,First Class,NK-18490,Neil Knudson,Home Office,San Francisco,California,94122,West,Office Supplies,Binders,18.16,5,6.583
1500,CA-2017-130386,12-11-2017,Standard Class,NG-18430,Nathan Gelder,Consumer,Austin,Texas,78745,Central,Office Supplies,Paper,16.056,3,5.8203
